{
  "properties": {
    "connectionReferences": {
      "shared_commondataserviceforapps": {
        "runtimeSource": "embedded",
        "connection": {
          "connectionReferenceLogicalName": "fcec_sharedcommondataserviceforapps_4c3fb"
        },
        "api": {
          "name": "shared_commondataserviceforapps"
        }
      }
    },
    "definition": {
      "$schema": "https://schema.management.azure.com/providers/Microsoft.Logic/schemas/2016-06-01/workflowdefinition.json#",
      "contentVersion": "1.0.0.0",
      "parameters": {
        "$connections": {
          "defaultValue": {},
          "type": "Object"
        },
        "$authentication": {
          "defaultValue": {},
          "type": "SecureObject"
        }
      },
      "triggers": {
        "manual": {
          "metadata": {
            "operationMetadataId": "9ae4b6fe-8eae-42e9-98ed-b18cb82f9ae4"
          },
          "type": "Request",
          "kind": "Button",
          "inputs": {
            "schema": {
              "type": "object",
              "properties": {},
              "required": []
            }
          }
        }
      },
      "actions": {
        "Get_All_Rows_in_Workload_Table": {
          "runAfter": {},
          "metadata": {
            "operationMetadataId": "868bfd1e-69bc-4c3c-aebd-635354f1b467"
          },
          "type": "OpenApiConnection",
          "inputs": {
            "host": {
              "connectionName": "shared_commondataserviceforapps",
              "operationId": "ListRecords",
              "apiId": "/providers/Microsoft.PowerApps/apis/shared_commondataserviceforapps"
            },
            "parameters": {
              "entityName": "fcec__eventworkloads"
            },
            "authentication": {
              "type": "Raw",
              "value": "@json(decodeBase64(triggerOutputs().headers['X-MS-APIM-Tokens']))['$ConnectionKey']"
            }
          }
        },
        "Apply_to_each": {
          "foreach": "@outputs('Get_All_Rows_in_Workload_Table')?['body/value']",
          "actions": {
            "Get_Event_Logging_Records_based_on_Workload": {
              "runAfter": {},
              "metadata": {
                "operationMetadataId": "0551b2e0-16e5-4eb2-b6e3-09ba9fbbcdf0"
              },
              "type": "OpenApiConnection",
              "inputs": {
                "host": {
                  "connectionName": "shared_commondataserviceforapps",
                  "operationId": "ListRecords",
                  "apiId": "/providers/Microsoft.PowerApps/apis/shared_commondataserviceforapps"
                },
                "parameters": {
                  "entityName": "fcec_m2131systemeventloggings",
                  "$filter": "fcec_workload eq '@{items('Apply_to_each')?['fcec__name']}'"
                },
                "authentication": {
                  "type": "Raw",
                  "value": "@json(decodeBase64(triggerOutputs().headers['X-MS-APIM-Tokens']))['$ConnectionKey']"
                }
              }
            },
            "Apply_to_each_2": {
              "foreach": "@outputs('Get_Event_Logging_Records_based_on_Workload')?['body/value']",
              "actions": {
                "Relate_rows": {
                  "runAfter": {},
                  "metadata": {
                    "operationMetadataId": "013c6370-6336-4e15-ab7e-4cf006bb1412"
                  },
                  "type": "OpenApiConnection",
                  "inputs": {
                    "host": {
                      "connectionName": "shared_commondataserviceforapps",
                      "operationId": "AssociateEntities",
                      "apiId": "/providers/Microsoft.PowerApps/apis/shared_commondataserviceforapps"
                    },
                    "parameters": {
                      "entityName": "fcec__eventworkloads",
                      "recordId": "@items('Apply_to_each')?['fcec__eventworkloadid']",
                      "associationEntityRelationship": "fcec__fcec_m2131systemeventlogging_LinkedWorkload_fcec__eventworkload",
                      "item/@odata.id": "@items('Apply_to_each_2')?['@odata.id']"
                    },
                    "authentication": {
                      "type": "Raw",
                      "value": "@json(decodeBase64(triggerOutputs().headers['X-MS-APIM-Tokens']))['$ConnectionKey']"
                    }
                  }
                }
              },
              "runAfter": {
                "Get_Event_Logging_Records_based_on_Workload": [
                  "Succeeded"
                ]
              },
              "metadata": {
                "operationMetadataId": "fb4e8a87-a6cf-40a3-bceb-13fa8bc623b5"
              },
              "type": "Foreach"
            }
          },
          "runAfter": {
            "Get_All_Rows_in_Workload_Table": [
              "Succeeded"
            ]
          },
          "metadata": {
            "operationMetadataId": "0b29c91b-7a81-46c0-aff4-593f271cd743"
          },
          "type": "Foreach"
        }
      }
    },
    "templateName": ""
  },
  "schemaVersion": "1.0.0.0"
}