{
  "properties": {
    "connectionReferences": {
      "shared_commondataserviceforapps": {
        "runtimeSource": "embedded",
        "connection": {
          "connectionReferenceLogicalName": "fcec_sharedcommondataserviceforapps_4c3fb"
        },
        "api": {
          "name": "shared_commondataserviceforapps"
        }
      }
    },
    "definition": {
      "$schema": "https://schema.management.azure.com/providers/Microsoft.Logic/schemas/2016-06-01/workflowdefinition.json#",
      "contentVersion": "1.0.0.0",
      "parameters": {
        "$connections": {
          "defaultValue": {},
          "type": "Object"
        },
        "$authentication": {
          "defaultValue": {},
          "type": "SecureObject"
        }
      },
      "triggers": {
        "manual": {
          "metadata": {
            "operationMetadataId": "9ae4b6fe-8eae-42e9-98ed-b18cb82f9ae4"
          },
          "type": "Request",
          "kind": "Button",
          "inputs": {
            "schema": {
              "type": "object",
              "properties": {},
              "required": []
            }
          }
        }
      },
      "actions": {
        "Get_All_Rows_in_Tablelog_Table": {
          "runAfter": {},
          "metadata": {
            "operationMetadataId": "868bfd1e-69bc-4c3c-aebd-635354f1b467"
          },
          "type": "OpenApiConnection",
          "inputs": {
            "host": {
              "connectionName": "shared_commondataserviceforapps",
              "operationId": "ListRecords",
              "apiId": "/providers/Microsoft.PowerApps/apis/shared_commondataserviceforapps"
            },
            "parameters": {
              "entityName": "fcec__tableauditings"
            },
            "authentication": {
              "type": "Raw",
              "value": "@json(decodeBase64(triggerOutputs().headers['X-MS-APIM-Tokens']))['$ConnectionKey']"
            }
          }
        },
        "Map_Table_to_Workload": {
          "actions": {
            "Apply_to_each_3": {
              "foreach": "@outputs('Get_All_Rows_in_Tablelog_Table')?['body/value']",
              "actions": {
                "Get_Workload_records_to_relate_by_workload_name": {
                  "runAfter": {},
                  "metadata": {
                    "operationMetadataId": "b68d9e05-f990-4114-a6f5-45f597a2bee6"
                  },
                  "type": "OpenApiConnection",
                  "inputs": {
                    "host": {
                      "connectionName": "shared_commondataserviceforapps",
                      "operationId": "ListRecords",
                      "apiId": "/providers/Microsoft.PowerApps/apis/shared_commondataserviceforapps"
                    },
                    "parameters": {
                      "entityName": "fcec__eventworkloads",
                      "$filter": "fcec__name eq '@{items('Apply_to_each_3')?['fcec__tempworkload']}'"
                    },
                    "authentication": {
                      "type": "Raw",
                      "value": "@json(decodeBase64(triggerOutputs().headers['X-MS-APIM-Tokens']))['$ConnectionKey']"
                    }
                  }
                },
                "Apply_to_each_4": {
                  "foreach": "@outputs('Get_Workload_records_to_relate_by_workload_name')?['body/value']",
                  "actions": {
                    "Relate_rows_2": {
                      "runAfter": {},
                      "metadata": {
                        "operationMetadataId": "a09b9e2a-f462-4003-84be-67b8bf526400"
                      },
                      "type": "OpenApiConnection",
                      "inputs": {
                        "host": {
                          "connectionName": "shared_commondataserviceforapps",
                          "operationId": "AssociateEntities",
                          "apiId": "/providers/Microsoft.PowerApps/apis/shared_commondataserviceforapps"
                        },
                        "parameters": {
                          "entityName": "fcec__eventworkloads",
                          "recordId": "@items('Apply_to_each_4')?['fcec__eventworkloadid']",
                          "associationEntityRelationship": "fcec__tableauditing_EventWorkload_fcec__eventworkload",
                          "item/@odata.id": "@items('Apply_to_each_3')?['@odata.id']"
                        },
                        "authentication": {
                          "type": "Raw",
                          "value": "@json(decodeBase64(triggerOutputs().headers['X-MS-APIM-Tokens']))['$ConnectionKey']"
                        }
                      }
                    }
                  },
                  "runAfter": {
                    "Get_Workload_records_to_relate_by_workload_name": [
                      "Succeeded"
                    ]
                  },
                  "metadata": {
                    "operationMetadataId": "d0acf9fb-c2cd-409b-a8f7-cc47b260e86f"
                  },
                  "type": "Foreach"
                }
              },
              "runAfter": {},
              "metadata": {
                "operationMetadataId": "dee8557e-a55f-4dc6-947c-3ed5e0e4b3c7"
              },
              "type": "Foreach"
            }
          },
          "runAfter": {
            "Get_All_Rows_in_Tablelog_Table": [
              "Succeeded"
            ]
          },
          "metadata": {
            "operationMetadataId": "c7e04bed-6d40-495d-b3cf-0562dd2f0ba1"
          },
          "type": "Scope"
        },
        "Map_Table_to_EventID": {
          "actions": {
            "Apply_to_each": {
              "foreach": "@outputs('Get_All_Rows_in_Tablelog_Table')?['body/value']",
              "actions": {
                "Get_Event_Logging_Record_based_on_Table_Name": {
                  "runAfter": {},
                  "metadata": {
                    "operationMetadataId": "0551b2e0-16e5-4eb2-b6e3-09ba9fbbcdf0"
                  },
                  "type": "OpenApiConnection",
                  "inputs": {
                    "host": {
                      "connectionName": "shared_commondataserviceforapps",
                      "operationId": "ListRecords",
                      "apiId": "/providers/Microsoft.PowerApps/apis/shared_commondataserviceforapps"
                    },
                    "parameters": {
                      "entityName": "fcec_m2131systemeventloggings",
                      "$filter": "fcec_table eq '@{items('Apply_to_each')?['fcec__name']}'"
                    },
                    "authentication": {
                      "type": "Raw",
                      "value": "@json(decodeBase64(triggerOutputs().headers['X-MS-APIM-Tokens']))['$ConnectionKey']"
                    }
                  }
                },
                "Apply_to_each_2": {
                  "foreach": "@outputs('Get_Event_Logging_Record_based_on_Table_Name')?['body/value']",
                  "actions": {
                    "Relate_rows": {
                      "runAfter": {},
                      "metadata": {
                        "operationMetadataId": "d36c7a76-7985-4f06-8146-24c0c20e9d83"
                      },
                      "type": "OpenApiConnection",
                      "inputs": {
                        "host": {
                          "connectionName": "shared_commondataserviceforapps",
                          "operationId": "AssociateEntities",
                          "apiId": "/providers/Microsoft.PowerApps/apis/shared_commondataserviceforapps"
                        },
                        "parameters": {
                          "entityName": "fcec__tableauditings",
                          "recordId": "@items('Apply_to_each')?['fcec__tableauditingid']",
                          "associationEntityRelationship": "fcec__fcec_m2131systemeventlogging_LinkedTable_fcec__tableauditing",
                          "item/@odata.id": "@items('Apply_to_each_2')?['@odata.id']"
                        },
                        "authentication": {
                          "type": "Raw",
                          "value": "@json(decodeBase64(triggerOutputs().headers['X-MS-APIM-Tokens']))['$ConnectionKey']"
                        }
                      }
                    }
                  },
                  "runAfter": {
                    "Get_Event_Logging_Record_based_on_Table_Name": [
                      "Succeeded"
                    ]
                  },
                  "metadata": {
                    "operationMetadataId": "fb4e8a87-a6cf-40a3-bceb-13fa8bc623b5"
                  },
                  "type": "Foreach"
                }
              },
              "runAfter": {},
              "metadata": {
                "operationMetadataId": "0b29c91b-7a81-46c0-aff4-593f271cd743"
              },
              "type": "Foreach"
            }
          },
          "runAfter": {
            "Map_Table_to_Workload": [
              "Succeeded"
            ]
          },
          "metadata": {
            "operationMetadataId": "c823fc1d-8522-41e7-ba3f-10df666e1367"
          },
          "type": "Scope"
        }
      }
    },
    "templateName": ""
  },
  "schemaVersion": "1.0.0.0"
}