<ImportExportXml version="9.2.25062.212" SolutionPackageVersion="9.2" languagecode="1033" generatedBy="CrmLive" xmlns:xsi="http://www.w3.org/2001/XMLSchema-instance" OrganizationVersion="9.2.25062.212" OrganizationSchemaType="Standard" CRMServerServiceabilityVersion="9.2.25062.00212">
  <SolutionManifest>
    <UniqueName>M2131DEMOAPP</UniqueName>
    <LocalizedNames>
      <LocalizedName description="M2131-DEMO APP" languagecode="1033" />
    </LocalizedNames>
    <Descriptions />
    <Version>1.0.0.27</Version>
    <Managed>1</Managed>
    <Publisher>
      <UniqueName>MSFTFederalCyberEstateCollective</UniqueName>
      <LocalizedNames>
        <LocalizedName description="MSFT Federal CyberEstate Collective" languagecode="1033" />
      </LocalizedNames>
      <Descriptions />
      <EMailAddress xsi:nil="true"></EMailAddress>
      <SupportingWebsiteUrl xsi:nil="true"></SupportingWebsiteUrl>
      <CustomizationPrefix>fcec_</CustomizationPrefix>
      <CustomizationOptionValuePrefix>91963</CustomizationOptionValuePrefix>
      <Addresses>
        <Address>
          <AddressNumber>1</AddressNumber>
          <AddressTypeCode>1</AddressTypeCode>
          <City xsi:nil="true"></City>
          <County xsi:nil="true"></County>
          <Country xsi:nil="true"></Country>
          <Fax xsi:nil="true"></Fax>
          <FreightTermsCode xsi:nil="true"></FreightTermsCode>
          <ImportSequenceNumber xsi:nil="true"></ImportSequenceNumber>
          <Latitude xsi:nil="true"></Latitude>
          <Line1 xsi:nil="true"></Line1>
          <Line2 xsi:nil="true"></Line2>
          <Line3 xsi:nil="true"></Line3>
          <Longitude xsi:nil="true"></Longitude>
          <Name xsi:nil="true"></Name>
          <PostalCode xsi:nil="true"></PostalCode>
          <PostOfficeBox xsi:nil="true"></PostOfficeBox>
          <PrimaryContactName xsi:nil="true"></PrimaryContactName>
          <ShippingMethodCode>1</ShippingMethodCode>
          <StateOrProvince xsi:nil="true"></StateOrProvince>
          <Telephone1 xsi:nil="true"></Telephone1>
          <Telephone2 xsi:nil="true"></Telephone2>
          <Telephone3 xsi:nil="true"></Telephone3>
          <TimeZoneRuleVersionNumber xsi:nil="true"></TimeZoneRuleVersionNumber>
          <UPSZone xsi:nil="true"></UPSZone>
          <UTCOffset xsi:nil="true"></UTCOffset>
          <UTCConversionTimeZoneCode xsi:nil="true"></UTCConversionTimeZoneCode>
        </Address>
        <Address>
          <AddressNumber>2</AddressNumber>
          <AddressTypeCode>1</AddressTypeCode>
          <City xsi:nil="true"></City>
          <County xsi:nil="true"></County>
          <Country xsi:nil="true"></Country>
          <Fax xsi:nil="true"></Fax>
          <FreightTermsCode xsi:nil="true"></FreightTermsCode>
          <ImportSequenceNumber xsi:nil="true"></ImportSequenceNumber>
          <Latitude xsi:nil="true"></Latitude>
          <Line1 xsi:nil="true"></Line1>
          <Line2 xsi:nil="true"></Line2>
          <Line3 xsi:nil="true"></Line3>
          <Longitude xsi:nil="true"></Longitude>
          <Name xsi:nil="true"></Name>
          <PostalCode xsi:nil="true"></PostalCode>
          <PostOfficeBox xsi:nil="true"></PostOfficeBox>
          <PrimaryContactName xsi:nil="true"></PrimaryContactName>
          <ShippingMethodCode>1</ShippingMethodCode>
          <StateOrProvince xsi:nil="true"></StateOrProvince>
          <Telephone1 xsi:nil="true"></Telephone1>
          <Telephone2 xsi:nil="true"></Telephone2>
          <Telephone3 xsi:nil="true"></Telephone3>
          <TimeZoneRuleVersionNumber xsi:nil="true"></TimeZoneRuleVersionNumber>
          <UPSZone xsi:nil="true"></UPSZone>
          <UTCOffset xsi:nil="true"></UTCOffset>
          <UTCConversionTimeZoneCode xsi:nil="true"></UTCConversionTimeZoneCode>
        </Address>
      </Addresses>
    </Publisher>
    <RootComponents>
      <RootComponent type="1" schemaName="fcec_m2131systemeventlogging" behavior="0" />
      <RootComponent type="1" schemaName="fcec__eventworkload" behavior="0" />
      <RootComponent type="1" schemaName="fcec__storagelocation" behavior="0" />
      <RootComponent type="1" schemaName="fcec__tableauditing" behavior="0" />
      <RootComponent type="9" schemaName="fcec_eventtiers" behavior="0" />
      <RootComponent type="9" schemaName="fcec__storagelocations" behavior="0" />
      <RootComponent type="9" schemaName="fcec__tableimplementationstatus" behavior="0" />
      <RootComponent type="20" id="{9a0f2363-a21f-f011-9989-001dd80af3a5}" behavior="0" />
      <RootComponent type="20" id="{d80ed5e5-cde3-ef11-8ee9-001dd808cd76}" behavior="0" />
      <RootComponent type="29" id="{2b22c8b1-ef9a-ef11-8a6b-001dd80b44d2}" behavior="0" />
      <RootComponent type="29" id="{373e6039-a1d2-ef11-8ee9-001dd80245fc}" behavior="0" />
      <RootComponent type="29" id="{a075f56e-c708-f011-bae2-001dd8086633}" behavior="0" />
      <RootComponent type="29" id="{a145d49e-c708-f011-bae2-001dd8086633}" behavior="0" />
      <RootComponent type="60" id="{c1d72ff5-e590-ef11-ac21-001dd800ba2a}" />
      <RootComponent type="60" id="{df8a47c6-7092-ef11-ac21-001dd800ba2a}" behavior="0" />
      <RootComponent type="62" schemaName="fcec_M2131ComplianceManagement" behavior="0" />
      <RootComponent type="80" schemaName="fcec_M2131ComplianceManagement" behavior="0" />
      <RootComponent type="300" schemaName="fcec_editcompliancycopy_8a140" behavior="0" />
    </RootComponents>
    <MissingDependencies>
      <MissingDependency>
        <Required type="61" schemaName="Auditing.svg" displayName="Auditing.svg" solution="PowerPlatformEnvironmentSettings (1.1.1.1771)">
          <package appName="PowerPlatformEnvironmentSettingsApp" version="1.1.1.1771">PowerPlatformEnvironmentSettingsApp_Anchor (1.1.1.1771)</package>
        </Required>
        <Dependent type="62" schemaName="fcec_M2131ComplianceManagement" />
      </MissingDependency>
      <MissingDependency>
        <Required type="61" schemaName="cc_MscrmControls.PowerBIPCFControl/images/powerbi_icon.svg" displayName="cc_MscrmControls.PowerBIPCFControl/images/powerbi_icon.svg" solution="BaseCustomControlsCore (9.0.2506.2009)">
          <package appName="Base Custom Controls" version="9.0.2506.2009">BaseCustomControlsCore (9.0.2506.2009)</package>
        </Required>
        <Dependent type="62" schemaName="fcec_M2131ComplianceManagement" />
      </MissingDependency>
      <MissingDependency>
        <Required type="61" schemaName="msdyncrm_/libs/ckeditor/plugins/superimage/icons/lock.png" displayName="msdyncrm_/libs/ckeditor/plugins/superimage/icons/lock.png" solution="SampleEditorCustomControl (1.70.180.0)">
          <package appName="Base Html Content Designer" version="1.70.180.0">SampleEditorCustomControl (1.70.180.0)</package>
        </Required>
        <Dependent type="80" schemaName="fcec_M2131ComplianceManagement" displayName="M-21-31 Maturity Model Management App" />
      </MissingDependency>
      <MissingDependency>
        <Required type="66" schemaName="Microsoft.PowerApps.PowerAppsOneGrid" displayName="Microsoft.PowerApps.PowerAppsOneGrid" solution="BaseCustomControlsCore (9.0.2506.2009)">
          <package appName="Base Custom Controls" version="9.0.2506.2009">BaseCustomControlsCore (9.0.2506.2009)</package>
        </Required>
        <Dependent type="26" schemaName="Active Table Auditings" displayName="Active Table Auditings" parentSchemaName="fcec__tableauditing" parentDisplayName="Table Information" id="{9b8bf068-4abf-4267-9449-75e5b4188381}" />
      </MissingDependency>
      <MissingDependency>
        <Required type="66" schemaName="Microsoft.PowerApps.PowerAppsOneGrid" displayName="Microsoft.PowerApps.PowerAppsOneGrid" solution="BaseCustomControlsCore (9.0.2506.2009)">
          <package appName="Base Custom Controls" version="9.0.2506.2009">BaseCustomControlsCore (9.0.2506.2009)</package>
        </Required>
        <Dependent type="68" id="{11a33a0d-8361-44c7-8a56-d69ce5afb990}" />
      </MissingDependency>
      <MissingDependency>
        <Required type="66" schemaName="MscrmControls.FieldControls.ToggleControl" displayName="MscrmControls.FieldControls.ToggleControl" solution="BaseCustomControlsCore (9.0.2506.2009)">
          <package appName="Base Custom Controls" version="9.0.2506.2009">BaseCustomControlsCore (9.0.2506.2009)</package>
        </Required>
        <Dependent type="60" displayName="Information" parentDisplayName="M2131 System Event Logging" id="{cde1eac2-6d32-486e-a1b5-fd88fd8f1423}" />
      </MissingDependency>
      <MissingDependency>
        <Required type="66" schemaName="MscrmControls.Grid.PCFGridControl" displayName="MscrmControls.Grid.PCFGridControl" solution="BaseCustomControlsCore (9.0.2506.2009)">
          <package appName="Base Custom Controls" version="9.0.2506.2009">BaseCustomControlsCore (9.0.2506.2009)</package>
        </Required>
        <Dependent type="60" displayName="Information" parentDisplayName="Event Workload" id="{9c8f0a2b-1a69-468e-a827-1dbc1a5152fc}" />
      </MissingDependency>
      <MissingDependency>
        <Required type="66" schemaName="MscrmControls.Grid.PCFGridControl" displayName="MscrmControls.Grid.PCFGridControl" solution="BaseCustomControlsCore (9.0.2506.2009)">
          <package appName="Base Custom Controls" version="9.0.2506.2009">BaseCustomControlsCore (9.0.2506.2009)</package>
        </Required>
        <Dependent type="60" displayName="Information" parentDisplayName="Table Information" id="{c90fa55c-f336-4946-852b-887d73feeab6}" />
      </MissingDependency>
      <MissingDependency>
        <Required type="66" schemaName="MscrmControls.ModelForm.ModelFormControl" displayName="MscrmControls.ModelForm.ModelFormControl" solution="BaseCustomControlsCore (9.0.2506.2009)">
          <package appName="Base Custom Controls" version="9.0.2506.2009">BaseCustomControlsCore (9.0.2506.2009)</package>
        </Required>
        <Dependent type="60" displayName="Information" parentDisplayName="M2131 System Event Logging" id="{cde1eac2-6d32-486e-a1b5-fd88fd8f1423}" />
      </MissingDependency>
      <MissingDependency>
        <Required type="SettingDefinition" displayName="AppChannel" solution="msdyn_AppFrameworkInfraExtensions (1.0.0.15)" id.uniquename="AppChannel">
          <package appName="PowerAppsAppFramework Package" version="1.0.0.21">PowerAppsAppFramework_Anchor (1.0.0.21)</package>
        </Required>
        <Dependent type="AppSetting" displayName="parentappmoduleid.uniquename=fcec_M2131ComplianceManagement,settingdefinitionid.uniquename=AppChannel" id.parentappmoduleid.uniquename="fcec_M2131ComplianceManagement" id.settingdefinitionid.uniquename="AppChannel" />
      </MissingDependency>
    </MissingDependencies>
  </SolutionManifest>
</ImportExportXml>